num_dense_layers,embedding_size,optimizer,loss,precision
4,16,adam,1.0421373844146729,0.5248321890830994
4,32,adam,1.0421373844146729,0.5248321890830994
4,64,adam,1.0421373844146729,0.5248321890830994
5,16,adam,1.0421373844146729,0.5248321890830994
5,32,adam,1.0421373844146729,0.5248321890830994
5,64,adam,1.0421373844146729,0.5248321890830994
6,16,adam,1.0421373844146729,0.5248321890830994
6,32,adam,1.0421373844146729,0.5248321890830994
6,64,adam,1.0421373844146729,0.5248321890830994
