num_dense_layers,embedding_size,optimizer,loss,precision
3,8,sgd,0.37861716747283936,0.0
3,16,sgd,0.37861716747283936,0.0
3,32,sgd,0.37861716747283936,0.0
4,8,sgd,0.46962395310401917,0.08320726454257965
